method,metric,n_pairs,delta_vs_erm,ci_low,ci_high,cluster_delta_vs_erm,cluster_ci_low,cluster_ci_high,n_clusters,paired_t,raw_p,holm_p
feature_mixing,target_availability,6160,0.0,0.0,0.0,0.0,0.0,0.0,112,0.0,1.0,1.0
feature_mixing,prediction_target_availability,6160,0.0,0.0,0.0,0.0,0.0,0.0,112,0.0,1.0,1.0
feature_mixing,accuracy,6160,-0.0006438239312568771,-0.0007285595122069677,-0.000562924619534202,-0.0006438239312568771,-0.0011395491475693716,-0.0001498814405579336,112,-15.231328495644544,1.8803981452394072e-51,1.7299662936202545e-49
feature_mixing,balanced_accuracy,6160,0.004053831648802952,0.003896503344466702,0.0042091068795274324,0.004053831648802952,0.0030144598558740875,0.005135025155896791,112,50.105821898566745,0.0,0.0
feature_mixing,positive_rate,6160,0.002527612948875065,0.0021496271750755668,0.00290263791442867,0.002527612948875065,-0.00013258432493461038,0.0051508724052198515,112,13.318675689382353,6.4027033014430595e-40,5.37827077321217e-38
feature_mixing,brier,6160,-0.0006720075578106377,-0.0007047802882895815,-0.000634803096852355,-0.0006720075578106377,-0.0008933277087950011,-0.00045354246629209844,112,-40.50452154938304,0.0,0.0
feature_mixing,roc_auc,6160,0.0008039210324687221,0.0006630550413871909,0.0009484726006752163,0.0008039210324687221,-0.00018069230351918666,0.0018445646713111314,112,10.933786845662773,1.4224656649910267e-27,1.06684924874327e-25
feature_mixing,rac1p_demographic_parity_diff,6160,0.0071743931489813735,0.006520166030401627,0.00779205365891673,0.0071743931489813735,0.00396692616765159,0.010471966515398171,112,23.6885862084183,8.489219294660806e-119,9.16835683823367e-117
feature_mixing,rac1p_demographic_parity_ratio,6160,0.0005936653315221479,-0.0002335301671277856,0.001457935781661218,0.0005936653315221479,-0.00395573495193359,0.005290073635863042,112,1.3886219441438585,0.16499795541682072,1.0
feature_mixing,rac1p_equal_opportunity_diff,6160,-0.0005116511050099347,-0.0015182488363273852,0.00047326120424336944,-0.0005116511050099347,-0.00475138261661534,0.003448977317465206,112,-0.9737752683160401,0.3302063779326099,1.0
feature_mixing,rac1p_fpr_diff,6160,0.012048087509024011,0.010932815520970586,0.013050296129381566,0.012048087509024011,0.007141944785598929,0.017841376782107555,112,21.588440454031776,1.0594888494234156e-99,1.080678626411884e-97
feature_mixing,rac1p_equalized_odds_diff,6160,0.0064604969798037325,0.005132624905636774,0.00795469489196819,0.0064604969798037325,6.678564961009669e-05,0.013718775364923521,112,9.104896090609735,1.1460826943155252e-19,7.678754051914018e-18
feature_mixing,rac1p_calibration_brier_diff,6160,0.0014851108242025205,0.0013681249826047947,0.0015916831909139964,0.0014851108242025205,0.0009680480545657021,0.002034270382057724,112,26.40923110144637,1.0768845758545504e-145,1.2707237995083695e-143
feature_mixing,rac1p_predictive_parity_diff,6160,-0.003474311429074052,-0.004489913917089492,-0.0024225684218148105,-0.003474311429074052,-0.006866702146508353,4.799289535626667e-05,112,-6.383065861400237,1.8622807831140468e-10,1.0242544307127258e-08
feature_mixing,rac1p_worst_group_accuracy,6160,0.00014258578612281876,-0.0002696851414483414,0.0005736247133542677,0.00014258578612281876,-0.0015994634714894581,0.001998899151933177,112,0.6867027881661162,0.4922958922963947,1.0
feature_mixing,rac1p_worst_group_fnr,6160,-0.004086639221788845,-0.0050179623544249225,-0.0030890025277192216,-0.004086639221788845,-0.00867764726100796,0.0006173278300792057,112,-8.26150564143142,1.744997831330813e-16,1.0993486337384122e-14
feature_mixing,rac1p_worst_group_fpr,6160,0.0001728361864005552,-0.000556163773728668,0.0009009792524463933,0.0001728361864005552,-0.003518031024239198,0.00369729438958896,112,0.48832059442289394,0.625340160916796,1.0
feature_mixing,sex_demographic_parity_diff,6160,0.002910060471923591,0.0027844153428300536,0.0030444490894460086,0.002910060471923591,0.002187534640247756,0.0036445801242019128,112,40.56263756508902,0.0,0.0
feature_mixing,sex_demographic_parity_ratio,6160,-0.002612057305288765,-0.002932233029269445,-0.0022874862375477775,-0.002612057305288765,-0.0038038836078999154,-0.0014180354028946528,112,-16.197077773765216,8.170155265237721e-58,7.598244396671081e-56
feature_mixing,sex_equal_opportunity_diff,6160,0.0001965786001432356,-1.3356384962660032e-05,0.00038581608964486334,0.0001965786001432356,-0.0007305867223664209,0.001029542041232916,112,1.9682117762801694,0.049088462169223045,1.0
feature_mixing,sex_fpr_diff,6160,0.0035927571368458136,0.003390558914473204,0.0038003882122713295,0.0035927571368458136,0.0024764120438029134,0.004741321674135712,112,33.76683597228057,1.7806490908397623e-229,2.261424345366498e-227
feature_mixing,sex_equalized_odds_diff,6160,0.0025165761183468427,0.002268729937197289,0.0027537129228723226,0.0025165761183468427,0.0012790331273856996,0.003865280526445022,112,20.467816242917237,3.93224491961445e-90,3.9322449196144503e-88
feature_mixing,sex_calibration_brier_diff,6160,0.0004815610264201882,0.00042110993060713646,0.0005378614207219524,0.0004815610264201882,1.9752171430095488e-05,0.0009176495580084365,112,15.1082404726672,1.1463876584864436e-50,1.0432127692226637e-48
feature_mixing,sex_predictive_parity_diff,6160,0.0012886354508365309,0.001152096269907547,0.0014219027119997114,0.0012886354508365309,0.000688147923793145,0.001868607514023768,112,17.33105383229064,9.750339896165283e-66,9.360326300318673e-64
feature_mixing,sex_worst_group_accuracy,6160,-0.00023083699494167082,-0.0003243938642907806,-0.00014980931839668745,-0.00023083699494167082,-0.000669629811647074,0.00019162409060095195,112,-5.371370678340487,8.100377020708606e-08,3.7387447027264663e-06
feature_mixing,sex_worst_group_fnr,6160,-0.004838773266666623,-0.005194872481566148,-0.00445952047223688,-0.004838773266666623,-0.007342323000720338,-0.002425606209655356,112,-25.699905248022745,1.8711945564408007e-138,2.151873739906921e-136
feature_mixing,sex_worst_group_fpr,6160,-0.0010675727324906531,-0.00157635643050477,-0.000517375111601894,-0.0010675727324906531,-0.00533348604652542,0.0026597806340559428,112,-3.8259247140653576,0.00013157098880817715,0.004078700653053492
feature_mixing,rac1p_x_sex_demographic_parity_diff,6160,0.010876662031335986,0.010153481311843422,0.011560288664115684,0.010876662031335986,0.00718267777364773,0.015082742274287918,112,29.285679161060955,1.2670464753616875e-176,1.533126235187642e-174
feature_mixing,rac1p_x_sex_demographic_parity_ratio,6160,-0.002484420182545869,-0.0033400330598450617,-0.0016232367686777598,-0.002484420182545869,-0.007202683903770383,0.002237030818389339,112,-5.306575258782352,1.1560648405843146e-07,4.73986584639569e-06
feature_mixing,rac1p_x_sex_equal_opportunity_diff,6160,0.0018911101998148705,0.0005755978875584992,0.0032330154456874757,0.0018911101998148705,-0.0036651376087220096,0.007628792612456115,112,2.734211506146895,0.006270863591675839,0.16931331697524765
feature_mixing,rac1p_x_sex_fpr_diff,6160,0.015824842256233793,0.014706157525476648,0.0170302979151276,0.015824842256233793,0.011177112705524716,0.02111379128014741,112,25.98831137972675,2.2254209502319674e-141,2.603742511771402e-139
feature_mixing,rac1p_x_sex_equalized_odds_diff,6160,0.006788576799264356,0.005231554919786075,0.008587645739796451,0.006788576799264356,-9.310947736886688e-05,0.014116958596929918,112,8.034310196605718,1.1189561971509683e-15,6.937528422336004e-14
feature_mixing,rac1p_x_sex_calibration_brier_diff,6160,0.0025267180223059638,0.002388016193050165,0.0026595368100124535,0.0025267180223059638,0.001908333305579925,0.0031724397306866943,112,35.08806497708457,4.687338325510484e-246,5.99979305665342e-244
feature_mixing,rac1p_x_sex_predictive_parity_diff,6160,-0.00410464935983398,-0.005667374476669538,-0.0025307498220341713,-0.00410464935983398,-0.009356369713437956,0.0018643560528766154,112,-5.37465531849556,7.954775963247801e-08,3.7387447027264663e-06
feature_mixing,rac1p_x_sex_worst_group_accuracy,6160,4.699475862970716e-05,-0.0004289164737292611,0.0005043329055729871,4.699475862970716e-05,-0.001639103026055603,0.001585065744901213,112,0.2043625494969116,0.8380769462084279,1.0
feature_mixing,rac1p_x_sex_worst_group_fnr,6160,-0.002455840903127475,-0.003678209649921745,-0.0012287638699764387,-0.002455840903127475,-0.007880615037592725,0.00349492864036962,112,-4.0349756826419485,5.526905756605864e-05,0.0018791479572459937
feature_mixing,rac1p_x_sex_worst_group_fpr,6160,0.00439290656108729,0.003758363914642067,0.005028043667105246,0.00439290656108729,0.0011682719340279353,0.0075827393555388525,112,13.451120360076041,1.1326546860097749e-40,9.740830299684064e-39
protected_group_mixing,target_availability,6160,0.0,0.0,0.0,0.0,0.0,0.0,112,0.0,1.0,1.0
protected_group_mixing,prediction_target_availability,6160,0.0,0.0,0.0,0.0,0.0,0.0,112,0.0,1.0,1.0
protected_group_mixing,accuracy,6160,-0.002030007521316747,-0.0021235552961094803,-0.0019376583225068197,-0.002030007521316747,-0.002500875978396829,-0.0015560741405814674,112,-45.02460356339339,0.0,0.0
protected_group_mixing,balanced_accuracy,6160,-0.0015324846953340301,-0.0016733332181101818,-0.0013966768079526624,-0.0015324846953340301,-0.002137709162189331,-0.0009500275091885866,112,-22.744885981883417,4.946333975973394e-110,5.193650674772064e-108
protected_group_mixing,positive_rate,6160,0.0011078582631901422,0.0008326173997149472,0.0013748675001613426,0.0011078582631901422,-0.0002881510057474204,0.002553892204945436,112,7.9890010370825655,1.611373403966457e-15,9.829377764195389e-14
protected_group_mixing,brier,6160,0.0007483058716623872,0.0007131925477943719,0.0007854356938447425,0.0007483058716623872,0.0005526222764642789,0.0009495096870674027,112,40.26579405273647,0.0,0.0
protected_group_mixing,roc_auc,6160,-0.003517407913623467,-0.003611642861471315,-0.003421718563979294,-0.003517407913623467,-0.004038592361964696,-0.0030199772655177754,112,-71.40328236135369,0.0,0.0
protected_group_mixing,rac1p_demographic_parity_diff,6160,-0.0015036612157486174,-0.002066679537982531,-0.0009205769625143762,-0.0015036612157486174,-0.003850514017295831,0.0011423807803960313,112,-4.926767854843156,8.578501170500327e-07,3.345615456495128e-05
protected_group_mixing,rac1p_demographic_parity_ratio,6160,0.005285757094164886,0.004308979049641698,0.00612694941362855,0.005285757094164886,0.0021999841729969387,0.008490958682073618,112,12.151711055920355,1.3584297033068437e-33,1.0731594656124065e-31
protected_group_mixing,rac1p_equal_opportunity_diff,6160,-0.008062528423509638,-0.009144237071877488,-0.006961139329361037,-0.008062528423509638,-0.011986500399364703,-0.004398986429381946,112,-14.200902055691394,4.623806144090176e-45,4.1151874682402565e-43
protected_group_mixing,rac1p_fpr_diff,6160,0.00293826601341991,0.0019512386054885641,0.003892865925482778,0.00293826601341991,-0.00047830146768857736,0.006745272478333025,112,5.802094147179007,6.874826287059562e-09,3.5061614064003766e-07
protected_group_mixing,rac1p_equalized_odds_diff,6160,-0.004325098549121994,-0.005766725865624431,-0.0029296322580088245,-0.004325098549121994,-0.009190207648089168,0.0004815715818805377,112,-6.17438983912458,7.065391832537991e-10,3.78813751592109e-08
protected_group_mixing,rac1p_calibration_brier_diff,6160,0.001056009527838046,0.0009392518442938323,0.0011731115255570255,0.001056009527838046,0.0005862958432414559,0.0015136803069913842,112,17.72552661135803,1.3169524669358459e-68,1.2774438929277706e-66
protected_group_mixing,rac1p_predictive_parity_diff,6160,-0.0017117103239573828,-0.0032248661025577018,-0.0003725817703888359,-0.0017117103239573828,-0.005628919522190247,0.0025975512201713456,112,-2.431847815706942,0.015050330857335559,0.37625827143338897
protected_group_mixing,rac1p_worst_group_accuracy,6160,-0.0011032564855467046,-0.0015041895585693197,-0.000714825785034755,-0.0011032564855467046,-0.0022997563665513696,0.0002645476711796582,112,-5.364860747575014,8.396614439972613e-08,3.7784764979876757e-06
protected_group_mixing,rac1p_worst_group_fnr,6160,-0.00558867269440004,-0.006560005055773692,-0.004587370595850275,-0.00558867269440004,-0.009178088491532467,-0.0020795155510455778,112,-10.872747088151444,2.7475879807800347e-27,2.0057392259694254e-25
protected_group_mixing,rac1p_worst_group_fpr,6160,-0.00011054046724469268,-0.0007025852409621194,0.00044107918865250755,-0.00011054046724469268,-0.002091234995675899,0.0019579638417669184,112,-0.38008183052059297,0.703897778629206,1.0
protected_group_mixing,sex_demographic_parity_diff,6160,-0.00041256119015370754,-0.0005569907641010009,-0.0002595190918373261,-0.00041256119015370754,-0.0011475318175767427,0.00024230532962644905,112,-5.3378517680621735,9.741695251511516e-08,4.188928958149952e-06
protected_group_mixing,sex_demographic_parity_ratio,6160,0.0010254651819838912,0.0005874357820115984,0.001528315799815567,0.0010254651819838912,-0.00103506587880217,0.003274101607637749,112,4.409037854416773,1.0559569426144332e-05,0.00038014449934119595
protected_group_mixing,sex_equal_opportunity_diff,6160,0.001974202473099932,0.0017761672705781295,0.0021778397328332897,0.001974202473099932,0.0013454552416632696,0.0026584791825061756,112,19.51485663894902,2.4170784457701293e-82,2.392907661312428e-80
protected_group_mixing,sex_fpr_diff,6160,0.001014522766060235,0.0008015383722921416,0.0012118291634385502,0.001014522766060235,0.00012792039294260148,0.001936072010702878,112,10.002754752285538,2.2334042248758266e-23,1.5633829574130786e-21
protected_group_mixing,sex_equalized_odds_diff,6160,0.002671746301760171,0.0024472303350338877,0.002897470391412699,0.002671746301760171,0.00178877319778841,0.0036401053734813242,112,22.23584192156137,1.9860938102607723e-105,2.0655375626712032e-103
protected_group_mixing,sex_calibration_brier_diff,6160,-3.454015284822115e-05,-8.190848891010866e-05,1.137621027670313e-05,-3.454015284822115e-05,-0.0003332180118282933,0.0002494260432655846,112,-1.4405217155406334,0.1497706819979251,1.0
protected_group_mixing,sex_predictive_parity_diff,6160,0.0011265571459491786,0.000961413036057011,0.0013086472680106187,0.0011265571459491786,0.0003828906384339177,0.001962592927520742,112,12.551917325859844,1.0581679287489548e-35,8.571160222866533e-34
protected_group_mixing,sex_worst_group_accuracy,6160,-0.001388093854358151,-0.0014742198219048466,-0.0013030219547506472,-0.001388093854358151,-0.001746010423663454,-0.0010440218787984806,112,-30.8838981924415,7.547521548901439e-195,9.434401936126799e-193
protected_group_mixing,sex_worst_group_fnr,6160,0.0019333858949949975,0.0015757479375914831,0.002317264419757611,0.0019333858949949975,3.883061279674919e-05,0.0038516091722679215,112,10.220501885927936,2.508063907182726e-24,1.7807253740997355e-22
protected_group_mixing,sex_worst_group_fpr,6160,0.0023791307975156314,0.0020559178837659727,0.002674546767370093,0.0023791307975156314,0.001107823733744148,0.003629974994807908,112,14.8749044068319,3.400171831367838e-49,3.0601546482310543e-47
protected_group_mixing,rac1p_x_sex_demographic_parity_diff,6160,-0.0013548730362013788,-0.0019555937820793026,-0.0007180909072491558,-0.0013548730362013788,-0.00405212070911725,0.001352570801715091,112,-4.012845526080712,6.070240501992065e-05,0.0020031793656573814
protected_group_mixing,rac1p_x_sex_demographic_parity_ratio,6160,0.004329288110757135,0.0034667532112180387,0.005145653678778621,0.004329288110757135,0.0010498837567806986,0.007723197828902569,112,9.991153850080883,2.506202474527488e-23,1.7292797074239667e-21
protected_group_mixing,rac1p_x_sex_equal_opportunity_diff,6160,-0.005558883711906121,-0.006741325172049479,-0.004322989543334779,-0.005558883711906121,-0.009892281276078396,-0.0018053316394387947,112,-8.621166452096706,8.328125515358341e-18,5.330000329829338e-16
protected_group_mixing,rac1p_x_sex_fpr_diff,6160,0.0030923322177617814,0.0020091151019447106,0.0041760769554915755,0.0030923322177617814,-0.0002749015421139762,0.006434498691317754,112,5.697695384310711,1.2705587158223376e-08,6.225737707529454e-07
protected_group_mixing,rac1p_x_sex_equalized_odds_diff,6160,-0.002923302939140732,-0.004475307571289337,-0.001569624999525132,-0.002923302939140732,-0.007884752890276589,0.0015700179461840596,112,-3.8213317258618074,0.00013404014576081342,0.004078700653053492
protected_group_mixing,rac1p_x_sex_calibration_brier_diff,6160,0.0017952645171701673,0.0016438975188538053,0.001949333400220488,0.0017952645171701673,0.001193292589330244,0.0024310738927120048,112,23.63370458365167,2.7973958459539103e-118,2.9932135551706843e-116
protected_group_mixing,rac1p_x_sex_predictive_parity_diff,6160,0.0004962801573542127,-0.0011482520956456344,0.0022130106676948747,0.0004962801573542127,-0.003992397227640725,0.005597714980511775,112,0.5797427761762823,0.562109297706584,1.0
protected_group_mixing,rac1p_x_sex_worst_group_accuracy,6160,-0.0012823365010839291,-0.0017475406881065519,-0.0008438543878746292,-0.0012823365010839291,-0.0026376592842553,0.00022631977184589893,112,-5.359433534637885,8.651578245227242e-08,3.806694427899986e-06
protected_group_mixing,rac1p_x_sex_worst_group_fnr,6160,-0.003826653928940959,-0.004857095705559226,-0.0027713951308450248,-0.003826653928940959,-0.007515460188847643,-0.0003782264812936261,112,-7.0874373871650835,1.5187877013562851e-12,8.808968667866454e-11
protected_group_mixing,rac1p_x_sex_worst_group_fpr,6160,0.00046303055948751845,-0.00012959569840738564,0.0010483583780382594,0.00046303055948751845,-0.0013845674619767459,0.002345305674447265,112,1.566555125186434,0.11727008739831304,1.0
reweighing,target_availability,6160,0.0,0.0,0.0,0.0,0.0,0.0,112,0.0,1.0,1.0
reweighing,prediction_target_availability,6160,0.0,0.0,0.0,0.0,0.0,0.0,112,0.0,1.0,1.0
reweighing,accuracy,6160,-0.00021601536315971068,-0.0002566589810110934,-0.00017691349102563666,-0.00021601536315971068,-0.00034675854851143475,-8.823962696867987e-05,112,-10.822480160212834,4.71264154002263e-27,3.393101908816294e-25
reweighing,balanced_accuracy,6160,-0.0008047206494785962,-0.0008693003201271698,-0.0007372485657211053,-0.0008047206494785962,-0.0010301503906929022,-0.0005502021468003471,112,-24.711276188881616,1.251464067933709e-128,1.3766104747270798e-126
reweighing,positive_rate,6160,-0.0017828772456763824,-0.001895841156652943,-0.0016629513225937024,-0.0017828772456763824,-0.00226796195924475,-0.0012848841369309172,112,-28.958845236551355,5.500605525883506e-173,6.600726631060208e-171
reweighing,brier,6160,0.00010797508692188722,9.5864793039743e-05,0.0001197293283357374,0.00010797508692188722,6.705797636905679e-05,0.0001509000495364872,112,17.17366301517994,1.3112218321488513e-64,1.2456607405414087e-62
reweighing,roc_auc,6160,-0.00030130695402973715,-0.0003311083961033553,-0.0002719413186624483,-0.00030130695402973715,-0.00040905211516494336,-0.00019432936487537037,112,-20.58051372625171,4.48945674650931e-91,4.5343513139744025e-89
reweighing,rac1p_demographic_parity_diff,6160,-0.0026033883395044817,-0.002972452210470674,-0.0022663936478161126,-0.0026033883395044817,-0.003736300841765505,-0.0015778239640192207,112,-13.949828292945758,1.443351449787504e-43,1.2701492758130034e-41
reweighing,rac1p_demographic_parity_ratio,6160,0.002143754387929081,0.001598477722449835,0.0026925138669388242,0.002143754387929081,0.0008385421176730372,0.0034540946490385816,112,7.751846296765616,1.0526940212943671e-14,6.316164127766203e-13
reweighing,rac1p_equal_opportunity_diff,6160,-0.0038124391814011917,-0.004754447950026082,-0.0030335311428217825,-0.0038124391814011917,-0.0062478426867247396,-0.0017058025042257616,112,-8.79067485995496,1.9023715849202617e-18,1.2555652460473727e-16
reweighing,rac1p_fpr_diff,6160,-0.0018678470400846161,-0.0023867495571845664,-0.0012588590745502472,-0.0018678470400846161,-0.0033412631776278965,-0.000534006139274178,112,-6.1755261586888555,7.015069473927944e-10,3.78813751592109e-08
reweighing,rac1p_equalized_odds_diff,6160,-0.0031467226456029242,-0.00414221444673076,-0.0022068765317988424,-0.0031467226456029242,-0.0056735641996491235,-0.0008047553281838761,112,-6.467905282129784,1.0701032784248184e-10,5.992578359178983e-09
reweighing,rac1p_calibration_brier_diff,6160,-2.1465394712788973e-06,-5.975602811833424e-05,5.3914676145863514e-05,-2.1465394712788973e-06,-0.0001730000465292135,0.0001941266157411636,112,-0.07812722724920067,0.9377293871076364,1.0
reweighing,rac1p_predictive_parity_diff,6160,-0.0021080158588097433,-0.0033723019400495433,-0.0009628872946882369,-0.0021080158588097433,-0.005005175528296435,0.0007221648702598596,112,-3.5154280711982557,0.0004422045743037026,0.012823932654807375
reweighing,rac1p_worst_group_accuracy,6160,-0.00035084856410497585,-0.0006372154977373419,-6.524822786644302e-05,-0.00035084856410497585,-0.0010219655185793825,0.00037507745901521063,112,-2.5520153477324796,0.010734114069946692,0.279086965818614
reweighing,rac1p_worst_group_fnr,6160,-0.0012057921886076686,-0.0019328765688927578,-0.0005352620715076035,-0.0012057921886076686,-0.0032100738257248825,0.0005281653940235023,112,-3.383773760841662,0.000719430085242228,0.02014404238678238
reweighing,rac1p_worst_group_fpr,6160,-0.001851161610930998,-0.0021900523642395878,-0.001503943927533122,-0.001851161610930998,-0.002819046059532991,-0.000967185778571506,112,-10.88218610250616,2.4822087462588167e-27,1.8368344722315244e-25
reweighing,sex_demographic_parity_diff,6160,-0.004362220203309039,-0.004575869561124054,-0.004133197820076099,-0.004362220203309039,-0.005408927863266033,-0.0032545064135240673,112,-39.09244867932143,8.469100901517535e-299,1.1009831171972796e-296
reweighing,sex_demographic_parity_ratio,6160,0.011280411009351773,0.010802387789921288,0.011826733100750756,0.011280411009351773,0.008766008519535,0.014126273828260417,112,41.15164771388347,0.0,0.0
reweighing,sex_equal_opportunity_diff,6160,0.0022607676238906665,0.001955027748048162,0.002598424236927307,0.0022607676238906665,0.000600038026767341,0.004072541646346386,112,13.627552538960066,1.0995539013639177e-41,9.566118941866085e-40
reweighing,sex_fpr_diff,6160,-0.00061685160992028,-0.0007764812816492804,-0.0004453080390501613,-0.00061685160992028,-0.0013371266429741695,6.524077193818902e-05,112,-7.5427142080925975,5.268925525870749e-14,3.108666060263742e-12
reweighing,sex_equalized_odds_diff,6160,0.0018656968518824054,0.0015595360669258824,0.002196990275511727,0.0018656968518824054,0.00019120361336481576,0.003407147703803546,112,11.712130183884355,2.370670476624529e-31,1.8491229717671327e-29
reweighing,sex_calibration_brier_diff,6160,1.9469879560811574e-05,1.422963133707716e-06,3.7603926382474074e-05,1.9469879560811574e-05,-8.066763116126124e-05,0.0001162213434631462,112,1.9849558310120008,0.04719367651963666,1.0
reweighing,sex_predictive_parity_diff,6160,0.00045863307774681583,0.00030877309091443395,0.0006147158901073417,0.00045863307774681583,-0.00028127041656168247,0.001174419378313865,112,5.683820165667497,1.3775385408269429e-08,6.612184995969326e-07
reweighing,sex_worst_group_accuracy,6160,-0.0003924269380366007,-0.0004512027843616743,-0.00033495481100155963,-0.0003924269380366007,-0.0006162572565164488,-0.00018873591676382007,112,-13.000765501333218,3.834172210362721e-38,3.144021212497431e-36
reweighing,sex_worst_group_fnr,6160,0.0033890819531420266,0.00313602441085408,0.0036382454968467465,0.0033890819531420266,0.0022738779552091293,0.004576326610453409,112,25.968447107187956,3.545620325943378e-141,4.112919578094319e-139
reweighing,sex_worst_group_fpr,6160,-0.0017003861079597825,-0.0018452900818248159,-0.0015517593162880975,-0.0017003861079597825,-0.0022530078482265615,-0.0011234920217913626,112,-23.073163862295512,4.7744211641416815e-113,5.0608864339901825e-111
reweighing,rac1p_x_sex_demographic_parity_diff,6160,-0.004158410549224743,-0.004569718628869774,-0.003728676234375033,-0.004158410549224743,-0.005485082059045729,-0.002804948255125379,112,-19.109462405997057,3.960865737205466e-79,3.881648422461357e-77
reweighing,rac1p_x_sex_demographic_parity_ratio,6160,0.002816333613579286,0.002233821952296903,0.003394617840803553,0.002816333613579286,0.0011673546001967929,0.004478742390765743,112,9.907493609294354,5.732081511738346e-23,3.897815427982075e-21
reweighing,rac1p_x_sex_equal_opportunity_diff,6160,-0.0019665771432015354,-0.002821855571140553,-0.0009998098707581357,-0.0019665771432015354,-0.0048096345938190245,0.0008888173448238902,112,-4.161268362645336,3.207943523234185e-05,0.0011227802331319648
reweighing,rac1p_x_sex_fpr_diff,6160,-0.0024955529638143494,-0.003158764773401165,-0.001722046226650884,-0.0024955529638143494,-0.003982397224237317,-0.0008732620537109805,112,-6.971491639472283,3.463281128035168e-12,1.9740702429800457e-10
reweighing,rac1p_x_sex_equalized_odds_diff,6160,-0.002094444906368717,-0.003131362974368555,-0.0009661773004724026,-0.002094444906368717,-0.005134495681744005,0.000884522668788083,112,-3.88243784092496,0.00010449594388981354,0.0033438702044740333
reweighing,rac1p_x_sex_calibration_brier_diff,6160,-0.0001608728515172551,-0.00022663111388236183,-9.850885959953993e-05,-0.0001608728515172551,-0.0003688887087131074,6.79818216882903e-05,112,-4.894923457002385,1.008491078029693e-06,3.832266096512833e-05
reweighing,rac1p_x_sex_predictive_parity_diff,6160,0.00048577245139107874,-0.0008763767388231688,0.00181737822344864,0.00048577245139107874,-0.003264202239253147,0.005235414117148585,112,0.6785782665958578,0.4974306125878939,1.0
reweighing,rac1p_x_sex_worst_group_accuracy,6160,-0.00013114392381669509,-0.000457746239164762,0.00018972141638636976,-0.00013114392381669509,-0.0009966539034044425,0.0007671308828802237,112,-0.7765549348809959,0.43745121915811835,1.0
reweighing,rac1p_x_sex_worst_group_fnr,6160,0.0005628489133966106,-0.00011381872339318986,0.001325372710901331,0.0005628489133966106,-0.001177041423936364,0.0024386501736829067,112,1.561253822432147,0.11851525230136471,1.0
reweighing,rac1p_x_sex_worst_group_fpr,6160,-0.002758106091447684,-0.0031618448326768377,-0.0023212504140710083,-0.002758106091447684,-0.0038081630778589934,-0.0017640146696748268,112,-13.443457628652622,1.252592617198167e-40,1.0647037246184418e-38
threshold_optimizer_eo,target_availability,6160,0.0,0.0,0.0,0.0,0.0,0.0,112,0.0,1.0,1.0
threshold_optimizer_eo,prediction_target_availability,6160,0.0,0.0,0.0,0.0,0.0,0.0,112,0.0,1.0,1.0
threshold_optimizer_eo,accuracy,6160,-0.13622800950793423,-0.13901654933213942,-0.1335572400305886,-0.13622800950793423,-0.14856516214214874,-0.12479458482630422,112,-95.71322681957835,0.0,0.0
threshold_optimizer_eo,balanced_accuracy,6160,-0.04475638038878822,-0.046869030533612056,-0.04279700560538799,-0.04475638038878822,-0.05503829978843829,-0.03395271974821252,112,-40.888860219821,0.0,0.0
threshold_optimizer_eo,positive_rate,6160,-0.05086758163172872,-0.06005818580155385,-0.042163051986115564,-0.05086758163172872,-0.10679419348077873,0.004984101696665749,112,-11.145465382823236,1.411950957299078e-28,1.0730827275472993e-26
threshold_optimizer_eo,brier,6160,0.20138350609813005,0.19855493286992434,0.20425393981386594,0.20138350609813005,0.18952549911076022,0.2138762113539709,112,139.60093122004724,0.0,0.0
threshold_optimizer_eo,roc_auc,6160,-0.15763384414307127,-0.1592081911240564,-0.15588514999231537,-0.15763384414307127,-0.16322826341804159,-0.15203406978716294,112,-177.7954200432341,0.0,0.0
threshold_optimizer_eo,rac1p_demographic_parity_diff,6160,-0.03562931246910049,-0.03877978794452795,-0.03228180496936442,-0.03562931246910049,-0.053247355986561606,-0.0196685277879183,112,-22.02828879207458,1.4117170717253766e-103,1.454068583877138e-101
threshold_optimizer_eo,rac1p_demographic_parity_ratio,6160,0.11987305038282751,0.11219035681102103,0.1276911092006419,0.11987305038282751,0.0680518975399095,0.16595635607684703,112,29.852658140115082,1.2228018493350695e-181,1.5040462746821355e-179
threshold_optimizer_eo,rac1p_equal_opportunity_diff,6160,-0.07228389358964679,-0.07655939301867358,-0.06760560285054293,-0.07228389358964679,-0.09674200801605719,-0.047642337349716415,112,-32.96991145075187,1.0959431297497747e-219,1.380888343484716e-217
threshold_optimizer_eo,rac1p_fpr_diff,6160,0.01320362190081677,0.010290268627401358,0.016194900830615196,0.01320362190081677,0.0015509972505120487,0.02647538432602962,112,8.728393450424234,3.283115513229678e-18,2.1340250835992908e-16
threshold_optimizer_eo,rac1p_equalized_odds_diff,6160,-0.06269349181364593,-0.06692499880367835,-0.058408507972871726,-0.06269349181364593,-0.08543718785584781,-0.04000614122495027,112,-27.966614088085894,3.915965016047752e-162,4.659998369096825e-160
threshold_optimizer_eo,rac1p_calibration_brier_diff,6160,0.07014654156484593,0.06843393051301873,0.07179517485731345,0.07014654156484593,0.06613746107594101,0.0743056684299736,112,85.56842996136915,0.0,0.0
threshold_optimizer_eo,rac1p_predictive_parity_diff,6160,0.009204614428073087,0.0057803850481164196,0.012126731116524262,0.009204614428073087,-0.004086302876444456,0.022663572269580438,112,5.704437080306358,1.2280784590300722e-08,6.140392295150361e-07
threshold_optimizer_eo,rac1p_worst_group_accuracy,6160,-0.13132194455850252,-0.13432424444000884,-0.12834087481108652,-0.13132194455850252,-0.1434349672081213,-0.12023758063887925,112,-83.05559184899536,0.0,0.0
threshold_optimizer_eo,rac1p_worst_group_fnr,6160,0.06289898701047335,0.052805921011489836,0.07298496097387648,0.06289898701047335,0.003930449838622551,0.12258555571942666,112,12.29287616692628,2.4924961131751457e-34,1.9939968905401166e-32
threshold_optimizer_eo,rac1p_worst_group_fpr,6160,-0.026500580470276335,-0.03602941428286904,-0.017217410038466503,-0.026500580470276335,-0.09056168997233383,0.034085004987643414,112,-5.321540343537258,1.0652689643401926e-07,4.474129650228809e-06
threshold_optimizer_eo,sex_demographic_parity_diff,6160,-0.008366224862594737,-0.008991560458480078,-0.007771259765433963,-0.008366224862594737,-0.011507833151972456,-0.005467806830766517,112,-25.58917921906596,2.443550174787958e-137,2.7612116975103927e-135
threshold_optimizer_eo,sex_demographic_parity_ratio,6160,0.04529395570928379,0.04295152746125463,0.04761119463825459,0.04529395570928379,0.03231266736320686,0.05821719406697464,112,38.731824677659205,1.840216849778454e-290,2.3738797362142056e-288
threshold_optimizer_eo,sex_equal_opportunity_diff,6160,-0.008946947620760292,-0.009538027892190637,-0.008353167446401681,-0.008946947620760292,-0.012161044899412768,-0.005482507053672643,112,-29.37030649856325,1.4318101323304911e-177,1.746808361443199e-175
threshold_optimizer_eo,sex_fpr_diff,6160,-0.009797314455537538,-0.010430898590039074,-0.009178214758715343,-0.009797314455537538,-0.01293774270969792,-0.006761910594798673,112,-30.772914030659624,1.4670288396149273e-193,1.8191157611225098e-191
threshold_optimizer_eo,sex_equalized_odds_diff,6160,-0.01576957181805499,-0.016451972628508893,-0.015090559020045908,-0.01576957181805499,-0.01930837726494366,-0.011979860799669777,112,-45.364343859556165,0.0,0.0
threshold_optimizer_eo,sex_calibration_brier_diff,6160,0.015821806128789567,0.015109258147056112,0.01658414951345196,0.015821806128789567,0.0132666185027041,0.018557845197098095,112,42.84051185551073,0.0,0.0
threshold_optimizer_eo,sex_predictive_parity_diff,6160,0.00030607530149726194,-0.0005111822156683092,0.0010312107803574192,0.00030607530149726194,-0.0042397312328663036,0.004740360875531294,112,0.7811221835646789,0.43476420057063714,1.0
threshold_optimizer_eo,sex_worst_group_accuracy,6160,-0.13819414375364636,-0.14092559108754155,-0.13528215220111334,-0.13819414375364636,-0.14946887600365644,-0.12591270118087483,112,-94.84544719355544,0.0,0.0
threshold_optimizer_eo,sex_worst_group_fnr,6160,0.1109142546083033,0.10163485538715587,0.11985450975754781,0.1109142546083033,0.06654949369584262,0.15789197523262993,112,24.767550439442225,3.520090969281686e-129,3.9073009759026714e-127
threshold_optimizer_eo,sex_worst_group_fpr,6160,-0.029858870845170093,-0.04028461197144926,-0.02088695366985512,-0.029858870845170093,-0.09275768976392781,0.03125250039475643,112,-5.972893202778217,2.4609318475918327e-09,1.2796845607477529e-07
threshold_optimizer_eo,rac1p_x_sex_demographic_parity_diff,6160,-0.03241008496698545,-0.035824277938631625,-0.028579336816201638,-0.03241008496698545,-0.05139673001025511,-0.012373119639629213,112,-17.168347870210674,1.4309658260772208e-64,1.3451078765125875e-62
threshold_optimizer_eo,rac1p_x_sex_demographic_parity_ratio,6160,0.10233565181438037,0.09369338711546937,0.11048956021898393,0.10233565181438037,0.04827114640560215,0.15238033374041648,112,24.202019448620533,4.6303414252797875e-123,5.047072153554968e-121
threshold_optimizer_eo,rac1p_x_sex_equal_opportunity_diff,6160,-0.06490729360484648,-0.06981375467789072,-0.0596083199645942,-0.06490729360484648,-0.0904087829732905,-0.03876175905392667,112,-25.59217867785219,2.2795212241656057e-137,2.5986541955487905e-135
threshold_optimizer_eo,rac1p_x_sex_fpr_diff,6160,0.02105318824559591,0.01763876489960585,0.024414641934306522,0.02105318824559591,0.0064274564597912864,0.03705644095202354,112,11.465187117349833,3.982064541314086e-30,3.0661896968118464e-28
threshold_optimizer_eo,rac1p_x_sex_equalized_odds_diff,6160,-0.0649337429160882,-0.06984447148093094,-0.05975437543380731,-0.0649337429160882,-0.08975490946627868,-0.040758566704054214,112,-25.354193511116772,5.538013970629528e-135,6.202575647105071e-133
threshold_optimizer_eo,rac1p_x_sex_calibration_brier_diff,6160,0.10411301414856626,0.10208354486414073,0.10619574423777149,0.10411301414856626,0.09844156793226867,0.11034400776223342,112,106.76403353278043,0.0,0.0
threshold_optimizer_eo,rac1p_x_sex_predictive_parity_diff,6160,-0.008709495023670596,-0.012241559184861795,-0.005290709783102601,-0.008709495023670596,-0.022216138001673984,0.0037888385044963823,112,-4.973164137727288,6.786680043627956e-07,2.7146720174511823e-05
threshold_optimizer_eo,rac1p_x_sex_worst_group_accuracy,6160,-0.13449292715977068,-0.13750208922066764,-0.13131957899935026,-0.13449292715977068,-0.1468004982640764,-0.12219746700423205,112,-84.93281978308366,0.0,0.0
threshold_optimizer_eo,rac1p_x_sex_worst_group_fnr,6160,0.06768779614505842,0.05871451757124893,0.07732468499172826,0.06768779614505842,0.01099533373701515,0.1293144396995711,112,13.296391603083276,8.555612942262594e-40,7.101158742077953e-38
threshold_optimizer_eo,rac1p_x_sex_worst_group_fpr,6160,-0.023685332188985064,-0.033218337234929854,-0.013340888738868042,-0.023685332188985064,-0.08358687121680489,0.033640595067205396,112,-4.807788219985524,1.562344189548454e-06,5.78067350132928e-05
